"","Gender_D","Age_D","Race_or_Ethnicity_D","Education_D","Observed_Rate","Background_Rate","EquityValue","user_n","pValue","BH_p"
"1","Female",NA,NA,NA,0.355944877684008,0.521468497782398,-0.678935256800562,3332,1.63762967364199e-225,1.63762967364199e-225
"2","Male",NA,NA,NA,0.644055122315992,0.478531502217602,0.678935256800563,6029,1.63762967364124e-225,1.63762967364199e-225
"3",NA,"18-39",NA,NA,0,0.140826563971758,-Inf,0,-Inf,-Inf
"4",NA,"40-59",NA,NA,0.211088558914646,0.359680492667465,-0.741625151673418,1976,3.55775758898937e-197,3.55775758898937e-197
"5",NA,"59+",NA,NA,0.788911441085354,0.499492943360778,1.32040454390985,7385,0,0
"6",NA,NA,"Hispanic",NA,0.105280034202651,0.120951633539217,-0.156437811771472,985,3.33779782884099e-06,3.33779782884099e-06
"7",NA,NA,"NH Asian",NA,0.00844377939290295,0.0417316487211449,-1.63197759335953,79,2.50727485448989e-58,4.17879142414981e-58
"8",NA,NA,"NH Black",NA,0.300769559640872,0.141892432253528,0.956024240342492,2814,0,0
"9",NA,NA,"NH White",NA,0.57823856348867,0.64857923171541,-0.297253212372662,5410,4.39623960744694e-46,5.49529950930867e-46
"10",NA,NA,"Other",NA,0.00726806327490381,0.0468450537707002,-1.90403876715012,68,2.36156455962936e-73,5.9039113990734e-73
"11",NA,NA,NA,"<HSG",0.0191546281433922,0.166183924276331,-2.32295276646658,179,0,0
"12",NA,NA,NA,">=College grad",0.399571963616907,0.250391048470996,0.689278871275351,3734,5.93192465198715e-243,1.18638493039743e-242
"13",NA,NA,NA,"HSG/GED",0.162653825575174,0.23773012427261,-0.473448839619587,1520,3.56255629273663e-65,4.75007505698218e-65
"14",NA,NA,NA,"Some college/TS",0.418619582664526,0.345694902980063,0.309574433720066,3912,1.04486327822496e-49,1.04486327822496e-49
"15","Female",NA,"Hispanic",NA,0.0484181274048739,0.063086333653447,-0.280164476203598,453,5.35145996022172e-09,5.83795632024188e-09
"16","Female",NA,"NH Asian",NA,0.0029927319367251,0.0201813210983544,-1.92596134390684,28,2.95929276087608e-32,4.43893914131413e-32
"17","Female",NA,"NH Black",NA,0.136383069687901,0.0828726084576554,0.558280106205024,1276,1.22581351869707e-78,2.45162703739414e-78
"18","Female",NA,"NH White",NA,0.166203505771697,0.328668808198984,-0.898564372070073,1555,2.19370612448195e-245,1.31622367468917e-244
"19","Female",NA,"Other",NA,0.00203078238563489,0.0266594269395674,-2.59971007605468,19,1.73461002480154e-49,2.97361718537406e-49
"20","Male",NA,"Hispanic",NA,0.0568619067977768,0.0578652914926321,-0.0185565533250007,532,0.677652671289389,0.677652671289389
"21","Male",NA,"NH Asian",NA,0.00545104745617785,0.0215503292719885,-1.3909032818416,51,7.85612152656038e-27,1.04748287020805e-26
"22","Male",NA,"NH Black",NA,0.164386489952971,0.0590198294033369,1.14310269136228,1538,0,0
"23","Male",NA,"NH White",NA,0.412035057716973,0.319910435974666,0.398624545382085,3855,2.34011760604897e-81,5.61628225451753e-81
"24","Male",NA,"Other",NA,0.00523728088926892,0.0201856155093681,-1.36430888317498,49,8.56290459997611e-25,1.02754855199713e-24
"25","Male","18-39",NA,NA,0,0.0808870471925724,-Inf,0,-Inf,-Inf
"26","Male","40-59",NA,NA,0.141865185343446,0.18931317668587,-0.345404850962543,1328,1.02798712879012e-31,1.17484243290299e-31
"27","Male","59+",NA,NA,0.502189936972546,0.20833126516612,1.34377341030701,4701,0,0
"28","Female","18-39",NA,NA,0,0.0599395167791855,-Inf,0,-Inf,-Inf
"29","Female","40-59",NA,NA,0.0692233735711997,0.170367315981595,-1.01565448079569,648,2.29939552934632e-149,3.06586070579509e-149
"30","Female","59+",NA,NA,0.286721504112808,0.291161678194657,-0.0216118102407493,2684,0.344338251476729,0.344338251476729
"31","Female",NA,NA,"<HSG",0.0092027822364901,0.0921930416565505,-2.39185693675142,86,2.92546716792046e-169,5.85093433584092e-169
"32","Female",NA,NA,">=College grad",0.121669341894061,0.112444507138433,0.0892951428365083,1137,0.00476050443267955,0.00476050443267955
"33","Female",NA,NA,"HSG/GED",0.0639914392723381,0.12154898676255,-0.705032529975957,598,5.11251517968803e-65,7.30359311384005e-65
"34","Female",NA,NA,"Some college/TS",0.160513643659711,0.195325946613534,-0.238643669501168,1500,2.0926892296832e-17,2.615861537104e-17
"35","Male",NA,NA,"<HSG",0.00995184590690209,0.0739908826197805,-2.07305332739006,93,1.17036353167293e-123,1.95060588612155e-123
"36","Male",NA,NA,">=College grad",0.277902621722846,0.137946541332563,0.877561825295735,2597,0,0
"37","Male",NA,NA,"HSG/GED",0.0986623863028357,0.11618113751006,-0.183074483247803,922,1.25718453258034e-07,1.39687170286705e-07
"38","Male",NA,NA,"Some college/TS",0.258105939004815,0.150368956366529,0.675873864767918,2412,1.18462807153273e-186,2.96157017883181e-186
"39",NA,"18-39","Hispanic",NA,0,0.0268323750737427,-Inf,0,-Inf,-Inf
"40",NA,"40-59","Hispanic",NA,0.0319581017528858,0.048995777039666,-0.445065253434298,299,2.26565635524021e-14,2.38490142656865e-14
"41",NA,"59+","Hispanic",NA,0.0733219324497649,0.0451234698460693,0.515433095426975,686,1.94201988181335e-39,2.77431411687621e-39
"42",NA,"18-39","NH Asian",NA,0,0.00710786917338017,-Inf,0,-Inf,-Inf
"43",NA,"40-59","NH Asian",NA,0.00106883283454468,0.0140404447091698,-2.58844536801815,10,1.5004619512726e-26,1.87557743909075e-26
"44",NA,"59+","NH Asian",NA,0.00737494655835827,0.0205833353883275,-1.03978897960982,69,2.29548561070771e-19,2.55053956745301e-19
"45",NA,"18-39","NH Black",NA,0,0.0267658643969414,-Inf,0,-Inf,-Inf
"46",NA,"40-59","NH Black",NA,0.103997434801197,0.0622419401547758,0.558885889812618,973,9.77059081092819e-63,1.7764710565324e-62
"47",NA,"59+","NH Black",NA,0.196772124839675,0.0528846295709657,1.47871605175619,1841,0,0
"48",NA,"18-39","NH White",NA,0,0.0713009867765867,-Inf,0,-Inf,-Inf
"49",NA,"40-59","NH White",NA,0.0716117999144934,0.218434630846116,-1.28737810604169,670,6.78247792596052e-259,1.69561948149013e-258
"50",NA,"59+","NH White",NA,0.506626763574177,0.358843622636467,0.606895290065434,4740,3.75653182699439e-195,8.34784850443197e-195
"51",NA,"18-39","Other",NA,0,0.00881946855110686,-Inf,0,-Inf,-Inf
"52",NA,"40-59","Other",NA,0.00235143223599829,0.0159676867446974,-1.92928483964917,22,8.0238278374822e-26,9.43979745586141e-26
"53",NA,"59+","Other",NA,0.00491663103890552,0.0220578990919877,-1.51842328023137,46,1.48985961268385e-29,1.98647948357846e-29
"54",NA,NA,"Hispanic","<HSG",0.00770877944325482,0.0553810153251944,-2.02111196252908,72,3.08238180455288e-90,8.56217167931356e-90
"55",NA,NA,"Hispanic","HSG/GED",0.017558886509636,0.0233555840656809,-0.291193702027166,164,0.0002078434417253,0.0002078434417253
"56",NA,NA,"Hispanic","Some college/TS",0.0370449678800857,0.0280323602393453,0.288088753530547,346,1.31480718410781e-07,1.49409907284978e-07
"57",NA,NA,"Hispanic",">=College grad",0.0429336188436831,0.0140276480492543,1.14838049300776,401,9.99707094286964e-125,4.16544622619568e-124
"58",NA,NA,"NH Asian","<HSG",0,0.0108067377499603,-Inf,0,-Inf,-Inf
"59",NA,NA,"NH Asian","HSG/GED",0.000535331905781585,0.00613330226274861,-2.44421836286025,5,4.22765233597586e-12,5.28456541996982e-12
"60",NA,NA,"NH Asian","Some college/TS",0.00139186295503212,0.00770075762807459,-1.71701334112828,13,3.06064949799957e-12,4.02717039210469e-12
"61",NA,NA,"NH Asian",">=College grad",0.00653104925053533,0.0169285390723915,-0.962954283084759,61,6.73697145181072e-15,9.90731095854518e-15
"62",NA,NA,"NH Black","<HSG",0.00674518201284797,0.0293991499445063,-1.49520921896134,63,2.04251455003807e-38,3.40419091673012e-38
"63",NA,NA,"NH Black","HSG/GED",0.0630620985010707,0.0344831597580435,0.633695386911588,589,9.25130822913219e-52,1.92735588106921e-51
"64",NA,NA,"NH Black","Some college/TS",0.159421841541756,0.0508802523942753,1.26352393547184,1489,0,0
"65",NA,NA,"NH Black",">=College grad",0.0713062098501071,0.0263659386883947,1.04216689619081,666,8.03072233682487e-162,5.01920146051554e-161
"66",NA,NA,"NH White","<HSG",0.00460385438972163,0.0674658891485235,-2.74996332411216,43,1.34539359244554e-129,6.72696796222768e-129
"67",NA,NA,"NH White","HSG/GED",0.0806209850107066,0.165455313512332,-0.815754341756727,753,7.0444243800704e-108,2.201382618772e-107
"68",NA,NA,"NH White","Some college/TS",0.218094218415418,0.235255035266161,-0.09793486871378,2037,9.22725245458078e-05,9.61172130685498e-05
"69",NA,NA,"NH White",">=College grad",0.275267665952891,0.181941825629424,0.53518801806125,2571,7.06965670208504e-121,2.5248773936018e-120
"70",NA,NA,"Other","<HSG",0.000107066381156317,0.00313113430248804,-3.3787305625509,1,1.27215298277472e-11,1.51446783663658e-11
"71",NA,NA,"Other","HSG/GED",0.000963597430406852,0.00830276781286367,-2.16104397133027,9,5.42573972792017e-15,8.47771832487527e-15
"72",NA,NA,"Other","Some college/TS",0.00278372591006424,0.0238264888125692,-2.16833497414999,26,1.45473482174617e-40,2.59774075311816e-40
"73",NA,NA,"Other",">=College grad",0.00331905781584582,0.0111271003377685,-1.21756754389798,31,6.30430134755231e-13,8.75597409382266e-13
"74",NA,"18-39",NA,"<HSG",0,0.0228239260594389,-Inf,0,-Inf,-Inf
"75",NA,"18-39",NA,"HSG/GED",0,0.0303370373623028,-Inf,0,-Inf,-Inf
"76",NA,"18-39",NA,"Some college/TS",0,0.0522203423268705,-Inf,0,-Inf,-Inf
"77",NA,"18-39",NA,">=College grad",0,0.0338696877985945,-Inf,0,-Inf,-Inf
"78",NA,"40-59",NA,"<HSG",0.0023542001070091,0.0549925970785314,-3.2052031072971,22,2.28701290970141e-110,3.11865396777466e-110
"79",NA,"40-59",NA,"HSG/GED",0.0394863563402889,0.0846753616679263,-0.811058855323042,369,1.73723003328697e-55,2.17153754160871e-55
"80",NA,"40-59",NA,"Some college/TS",0.100053504547887,0.132007395091322,-0.313304973180938,935,7.14116448546327e-20,8.23980517553454e-20
"81",NA,"40-59",NA,">=College grad",0.0693418940609952,0.088858521653306,-0.26918999654618,648,3.34354548123548e-11,3.58237015846658e-11
"82",NA,"59+",NA,"<HSG",0.0168004280363831,0.0883674011383607,-1.73567383790822,157,3.14232087299198e-131,4.71348130948796e-131
"83",NA,"59+",NA,"HSG/GED",0.123167469234885,0.122717738446675,0.00417083129700435,1151,0.894588087292071,0.894588087292071
"84",NA,"59+",NA,"Some college/TS",0.31856607811664,0.16146716556187,0.886982559752772,2977,0,0
"85",NA,"59+",NA,">=College grad",0.330230069555912,0.127662825814802,1.21463872775587,3086,0,0
"86","Male","18-39","Hispanic",NA,0,0.0165239846411839,-Inf,0,-Inf,-Inf
"87","Male","40-59","Hispanic",NA,0.0188114578879863,0.0228436583312851,-0.198325371241399,176,0.00904120904505367,0.00949326949730635
"88","Male","59+","Hispanic",NA,0.0380504489097905,0.0184976485201631,0.741391667062211,356,9.3573320589984e-45,1.63753311032472e-44
"89","Male","18-39","NH Asian",NA,0,0.00539470234607362,-Inf,0,-Inf,-Inf
"90","Male","40-59","NH Asian",NA,0.00096194955109021,0.00685314228772127,-1.9694148669983,9,4.94606748709754e-12,6.10984807229697e-12
"91","Male","59+","NH Asian",NA,0.00448909790508764,0.00930249781123355,-0.733478008492721,42,1.23565844536248e-06,1.33070909500575e-06
"92","Male","18-39","NH Black",NA,0,0.0118545371809183,-Inf,0,-Inf,-Inf
"93","Male","40-59","NH Black",NA,0.0629542539546815,0.0257625932088079,0.932407685930311,589,3.80358688558785e-114,8.40792890498367e-114
"94","Male","59+","NH Black",NA,0.10143223599829,0.0214026858405708,1.64119264103018,949,0,0
"95","Male","18-39","NH White",NA,0,0.044195101046569,-Inf,0,-Inf,-Inf
"96","Male","40-59","NH White",NA,0.0575032064985036,0.127204722292427,-0.870788556918445,538,4.92530788212101e-91,1.03431465524541e-90
"97","Male","59+","NH White",NA,0.354531851218469,0.148510612635669,1.14715293995556,3317,0,0
"98","Male","18-39","Other",NA,0,0.00291872410888403,-Inf,0,-Inf,-Inf
"99","Male","40-59","Other",NA,0.00160324925181702,0.00664905238024844,-1.42750871289644,15,1.90824396157434e-09,2.22628462183673e-09
"100","Male","59+","Other",NA,0.0036340316374519,0.0106178390202357,-1.07922679684664,34,4.37502214962991e-11,5.25002657955589e-11
"101","Female","18-39","Hispanic",NA,0,0.0103083911394867,-Inf,0,-Inf,-Inf
"102","Female","40-59","Hispanic",NA,0.0131466438648995,0.0261521199992275,-0.701030093593546,123,3.20504892456487e-15,4.2066267134914e-15
"103","Female","59+","Hispanic",NA,0.0352714835399743,0.0266258225147328,0.290115126832616,330,2.05163471860765e-07,2.26759626793477e-07
"104","Female","18-39","NH Asian",NA,0,0.00171318018761096,-Inf,0,-Inf,-Inf
"105","Female","40-59","NH Asian",NA,0.000106883283454468,0.00718730279135926,-4.21544018363115,1,6.69558284488769e-28,1.04153510920475e-27
"106","Female","59+","NH Asian",NA,0.00288584865327063,0.0112808381193842,-1.37174145603029,27,1.48530895877691e-14,1.89039322026152e-14
"107","Female","18-39","NH Black",NA,0,0.0149113279211987,-Inf,0,-Inf,-Inf
"108","Female","40-59","NH Black",NA,0.0410431808465156,0.0364793485857991,0.122626270020509,384,0.0185416826865131,0.0189939188495988
"109","Female","59+","NH Black",NA,0.0953398888413852,0.0314819319506577,1.17624232446043,892,4.39558686828377e-274,1.31867606048513e-273
"110","Female","18-39","NH White",NA,0,0.0271058744354793,-Inf,0,-Inf,-Inf
"111","Female","40-59","NH White",NA,0.0141085934159897,0.0912299143085849,-1.94805285927711,132,5.49567753691307e-148,1.28232475861305e-147
"112","Female","59+","NH White",NA,0.152094912355708,0.21033301945492,-0.395344723820988,1423,1.8730226524933e-43,3.14667805618875e-43
"113","Female","18-39","Other",NA,0,0.00590073150154134,-Inf,0,-Inf,-Inf
"114","Female","40-59","Other",NA,0.000748182984181274,0.00931863478513494,-2.53073769723568,7,6.24824053215695e-18,8.46535814034167e-18
"115","Female","59+","Other",NA,0.00128259940145361,0.0114400606528912,-2.19845506560261,12,2.49324256498115e-20,3.4905395909736e-20
"116","Male","18-39",NA,"<HSG",0,0.0126374732051865,-Inf,0,-Inf,-Inf
"117","Male","18-39",NA,"HSG/GED",0,0.0177240577217787,-Inf,0,-Inf,-Inf
"118","Male","18-39",NA,"Some college/TS",0,0.0303474815582229,-Inf,0,-Inf,-Inf
"119","Male","18-39",NA,">=College grad",0,0.019508195509114,-Inf,0,-Inf,-Inf
"120","Male","40-59",NA,"<HSG",0.00139111824505083,0.028036598077402,-3.0304478551615,13,6.87724506318423e-55,1.15827285274682e-54
"121","Male","40-59",NA,"HSG/GED",0.0265382557517389,0.0506135771303742,-0.670675179426334,248,2.48097899429325e-26,3.05351260836092e-26
"122","Male","40-59",NA,"Some college/TS",0.0654895666131621,0.0619471791270747,0.0593922373841083,612,0.155443075650429,0.165805947360458
"123","Male","40-59",NA,">=College grad",0.048689138576779,0.0491649868604071,-0.0102260708000994,455,0.831518890986598,0.831518890986598
"124","Male","59+",NA,"<HSG",0.00856072766185126,0.0333168103601947,-1.38416376938569,80,1.44570738742576e-40,2.10284710898292e-40
"125","Male","59+",NA,"HSG/GED",0.0721241305510968,0.0478435011238175,0.436284827401008,674,3.9397993037628e-28,5.04294310881639e-28
"126","Male","59+",NA,"Some college/TS",0.192616372391653,0.0580742936957155,1.35310485945718,1800,0,0
"127","Male","59+",NA,">=College grad",0.229213483146067,0.0692733571415556,1.3851476081466,2142,0,0
"128","Female","18-39",NA,"<HSG",0,0.0101864525528786,-Inf,0,-Inf,-Inf
"129","Female","18-39",NA,"HSG/GED",0,0.012612979239945,-Inf,0,-Inf,-Inf
"130","Female","18-39",NA,"Some college/TS",0,0.0218728600791148,-Inf,0,-Inf,-Inf
"131","Female","18-39",NA,">=College grad",0,0.0143614918422552,-Inf,0,-Inf,-Inf
"132","Female","40-59",NA,"<HSG",0.000963081861958266,0.026955998274991,-3.35818513581819,9,2.74797850214201e-54,4.39676560342722e-54
"133","Female","40-59",NA,"HSG/GED",0.01294810058855,0.0340617834194737,-0.988849677151928,121,2.25366923084272e-29,3.0048923077903e-29
"134","Female","40-59",NA,"Some college/TS",0.0345639379347245,0.070060214221183,-0.744004232615327,323,3.36582135312236e-41,5.12887063332931e-41
"135","Female","40-59",NA,">=College grad",0.0206527554842162,0.0396935336195848,-0.672973348692593,193,4.18851494815211e-21,4.96416586447657e-21
"136","Female","59+",NA,"<HSG",0.00823970037453184,0.0550506028156308,-1.94763889902972,77,1.3328084491212e-87,2.50881590422815e-87
"137","Female","59+",NA,"HSG/GED",0.0510433386837881,0.0748742224981626,-0.408568048285499,477,2.0752024739215e-18,2.371659970196e-18
"138","Female","59+",NA,"Some college/TS",0.125949705724987,0.103392869734095,0.222826530053754,1177,7.96316530829502e-13,8.78694102984278e-13
"139","Female","59+",NA,">=College grad",0.101016586409845,0.0583894801918425,0.594476129026126,944,3.89165696079441e-69,6.9185012636345e-69
"140","Male",NA,"Hispanic","<HSG",0.00278372591006424,0.0249892322282646,-2.21717389193175,26,5.20501764403398e-43,1.28886151185603e-42
"141","Male",NA,"Hispanic","HSG/GED",0.00856531049250535,0.0120485222420854,-0.34474112491028,80,0.00203243896549095,0.00220180887928187
"142","Male",NA,"Hispanic","Some college/TS",0.0218415417558886,0.0140788145036864,0.44704732977873,204,1.91864906137192e-10,2.6964797619281e-10
"143","Male",NA,"Hispanic",">=College grad",0.0237687366167024,0.00674376310682991,1.2770422014776,222,6.83586017708506e-90,2.73434407083402e-89
"144","Male",NA,"NH Asian","<HSG",0,0.00558595778251786,-Inf,0,-Inf,-Inf
"145","Male",NA,"NH Asian","HSG/GED",0.000107066381156317,0.00318663190926738,-3.39635543136255,1,5.84196926245325e-12,8.67949718993055e-12
"146","Male",NA,"NH Asian","Some college/TS",0.000963597430406852,0.00284792856117732,-1.08556151392028,9,0.000632413193811023,0.000699691193152622
"147","Male",NA,"NH Asian",">=College grad",0.00438972162740899,0.0097196280735916,-0.800249326480333,41,1.51801915370417e-07,1.75415546650259e-07
"148","Male",NA,"NH Black","<HSG",0.00331905781584582,0.0112687822665908,-1.23036349703568,31,3.37300335648078e-13,5.15871101579414e-13
"149","Male",NA,"NH Black","HSG/GED",0.0366167023554604,0.0182850952080442,0.713267814397772,342,6.45636706469256e-40,1.45970037984353e-39
"150","Male",NA,"NH Black","Some college/TS",0.0850107066381156,0.0197106968211018,1.53055110624488,794,0,0
"151","Male",NA,"NH Black",">=College grad",0.0395074946466809,0.00950116302762263,1.45583868936323,369,2.41909333604909e-196,1.25792853474553e-195
"152","Male",NA,"NH White","<HSG",0.00374732334047109,0.0297288475758217,-2.09750140982388,35,1.84811371690216e-49,5.05799543573223e-49
"153","Male",NA,"NH White","HSG/GED",0.0527837259100642,0.0780782454514277,-0.418575639087353,493,8.12831088755873e-20,1.36345860049372e-19
"154","Male",NA,"NH White","Some college/TS",0.148394004282655,0.10628148209064,0.382046756707928,1386,8.1534570330658e-40,1.76658235716426e-39
"155","Male",NA,"NH White",">=College grad",0.207601713062099,0.106580876255179,0.786708965906547,1939,1.08844434118745e-219,6.28878952686083e-219
"156","Male",NA,"Other","<HSG",0.000107066381156317,0.00241804956229151,-3.11958140710117,1,9.12679711644136e-09,1.12998440489274e-08
"157","Male",NA,"Other","HSG/GED",0.000642398286937901,0.00458265590352964,-1.96877608841533,6,1.71884121115442e-08,2.07859867395418e-08
"158","Male",NA,"Other","Some college/TS",0.0019271948608137,0.00745003438992378,-1.35770201303636,18,5.40115428333864e-10,7.20153904445153e-10
"159","Male",NA,"Other",">=College grad",0.00246252676659529,0.00540111086934049,-0.78836687109988,23,0.000106725049000078,0.000120645707565306
"160","Female",NA,"Hispanic","<HSG",0.00492505353319058,0.0303917823656626,-1.84576307754473,46,1.27754310809448e-46,3.32161208104566e-46
"161","Female",NA,"Hispanic","HSG/GED",0.00899357601713062,0.0113070615152015,-0.231254106766186,84,0.0344613963455053,0.0358398521993256
"162","Female",NA,"Hispanic","Some college/TS",0.015203426124197,0.0139535453655113,0.0870555531853956,142,0.303105948535321,0.309049202428171
"163","Female",NA,"Hispanic",">=College grad",0.0191648822269807,0.00728388475719924,0.979455580660418,179,1.50008761055606e-41,3.5456616249507e-41
"164","Female",NA,"NH Asian","<HSG",0,0.00522077982474706,-Inf,0,-Inf,-Inf
"165","Female",NA,"NH Asian","HSG/GED",0.000428265524625268,0.00294668347678941,-1.93121486011839,4,5.446071672844e-08,6.436266522452e-08
"166","Female",NA,"NH Asian","Some college/TS",0.000428265524625268,0.0048528289652142,-2.43201000273547,4,7.61967416512253e-15,1.20067592904961e-14
"167","Female",NA,"NH Asian",">=College grad",0.00214132762312634,0.00720891077527045,-1.21898324416703,20,7.07673137908074e-09,8.97536662712679e-09
"168","Female",NA,"NH Black","<HSG",0.00342612419700214,0.0181303672897205,-1.68102336222854,32,1.72706011721687e-26,3.09679745156128e-26
"169","Female",NA,"NH Black","HSG/GED",0.0264453961456103,0.0161980640946735,0.500661028275975,247,4.32585549343354e-15,7.0295151768295e-15
"170","Female",NA,"NH Black","Some college/TS",0.0744111349036403,0.0311695681056297,0.915822813548254,695,8.68282394110591e-128,4.10460768125007e-127
"171","Female",NA,"NH Black",">=College grad",0.0317987152034261,0.0168647753126285,0.649505410288536,297,3.70046925309189e-29,7.12682967262141e-29
"172","Female",NA,"NH White","<HSG",0.000856531049250535,0.0377370406818624,-3.82311745522431,8,4.57396147343748e-78,1.48653747886718e-77
"173","Female",NA,"NH White","HSG/GED",0.0278372591006424,0.0873770658761837,-1.20705788593477,260,2.68536755789806e-92,1.16365927508916e-91
"174","Female",NA,"NH White","Some college/TS",0.0697002141327623,0.128973550069145,-0.681238496039576,651,1.73256156036781e-65,5.29960006700742e-65
"175","Female",NA,"NH White",">=College grad",0.0676659528907923,0.0753609469718322,-0.115993775954133,632,0.00484396922456918,0.00514053876893056
"176","Female",NA,"Other","<HSG",0,0.000713071494558002,-Inf,0,-Inf,-Inf
"177","Female",NA,"Other","HSG/GED",0.000321199143468951,0.00372011179970184,-2.45285348297521,3,1.17402788568655e-11,1.69581805710279e-11
"178","Female",NA,"Other","Some college/TS",0.000856531049250535,0.0163764541080335,-2.96636442099226,8,3.15646087629946e-32,6.31292175259891e-32
"179","Female",NA,"Other",">=College grad",0.000856531049250535,0.0057259893215025,-1.90476559988713,8,4.46040679264521e-10,6.10371455835661e-10
"180",NA,"18-39","Hispanic","<HSG",0,0.0095900938217901,-Inf,0,-Inf,-Inf
"181",NA,"18-39","Hispanic","HSG/GED",0,0.00757308510669202,-Inf,0,-Inf,-Inf
"182",NA,"18-39","Hispanic","Some college/TS",0,0.00685008399251369,-Inf,0,-Inf,-Inf
"183",NA,"18-39","Hispanic",">=College grad",0,0.00272835043773555,-Inf,0,-Inf,-Inf
"184",NA,"18-39","NH Asian","<HSG",0,0.000786672219512408,-Inf,0,-Inf,-Inf
"185",NA,"18-39","NH Asian","HSG/GED",0,0.000559043396440175,-Inf,0,-Inf,-Inf
"186",NA,"18-39","NH Asian","Some college/TS",0,0.00122039366225582,-Inf,0,-Inf,-Inf
"187",NA,"18-39","NH Asian",">=College grad",0,0.00429729784688142,-Inf,0,-Inf,-Inf
"188",NA,"18-39","NH Black","<HSG",0,0.00477640244786483,-Inf,0,-Inf,-Inf
"189",NA,"18-39","NH Black","HSG/GED",0,0.0044997856943095,-Inf,0,-Inf,-Inf
"190",NA,"18-39","NH Black","Some college/TS",0,0.0122350591433529,-Inf,0,-Inf,-Inf
"191",NA,"18-39","NH Black",">=College grad",0,0.00439287052635221,-Inf,0,-Inf,-Inf
"192",NA,"18-39","NH White","<HSG",0,0.00685507521561952,-Inf,0,-Inf,-Inf
"193",NA,"18-39","NH White","HSG/GED",0,0.0167806637376022,-Inf,0,-Inf,-Inf
"194",NA,"18-39","NH White","Some college/TS",0,0.027412114200241,-Inf,0,-Inf,-Inf
"195",NA,"18-39","NH White",">=College grad",0,0.0204222891650582,-Inf,0,-Inf,-Inf
"196",NA,"18-39","Other","<HSG",0,0.000815668848984339,-Inf,0,-Inf,-Inf
"197",NA,"18-39","Other","HSG/GED",0,0.000924445822385873,-Inf,0,-Inf,-Inf
"198",NA,"18-39","Other","Some college/TS",0,0.00450267743468034,-Inf,0,-Inf,-Inf
"199",NA,"18-39","Other",">=College grad",0,0.00202889257963576,-Inf,0,-Inf,-Inf
"200",NA,"40-59","Hispanic","<HSG",0.000963597430406852,0.0206605870576264,-3.08522249441376,9,7.65897090481223e-41,1.21918312362317e-40
"201",NA,"40-59","Hispanic","HSG/GED",0.00417558886509636,0.00782049396207251,-0.631159228598559,39,6.36204789718644e-05,6.70594237811543e-05
"202",NA,"40-59","Hispanic","Some college/TS",0.0116702355460385,0.0140198043282091,-0.185809437776239,109,0.0534422322029041,0.0541362871665782
"203",NA,"40-59","Hispanic",">=College grad",0.015203426124197,0.00661113908954281,0.841451931777704,142,1.22440961845784e-24,1.70542768285199e-24
"204",NA,"40-59","NH Asian","<HSG",0,0.00252058087273517,-Inf,0,-Inf,-Inf
"205",NA,"40-59","NH Asian","HSG/GED",0,0.00236351579642887,-Inf,0,-Inf,-Inf
"206",NA,"40-59","NH Asian","Some college/TS",0.000321199143468951,0.00274558204131518,-2.14811516029237,3,4.95248844783553e-08,5.68079557251722e-08
"207",NA,"40-59","NH Asian",">=College grad",0.000749464668094218,0.00644407836273093,-2.15727291441014,7,6.07056176764847e-12,7.28467412117816e-12
"208",NA,"40-59","NH Black","<HSG",0.00107066381156317,0.00856015889519145,-2.08636568186155,10,3.93719678267062e-15,5.03444834505424e-15
"209",NA,"40-59","NH Black","HSG/GED",0.0249464668094218,0.0182651168698852,0.318568062659235,233,1.42109235876185e-06,1.60645223164383e-06
"210",NA,"40-59","NH Black","Some college/TS",0.056745182012848,0.0211127945118729,1.02577147782153,530,8.38204994433804e-127,1.63449973914592e-126
"211",NA,"40-59","NH Black",">=College grad",0.0211991434689507,0.0144515583311568,0.390028599864902,198,4.6503544261943e-08,5.41384545139038e-08
"212",NA,"40-59","NH White","<HSG",0.000214132762312634,0.0220461928455438,-4.65637768491934,2,1.58531645133186e-86,2.8756903070671e-86
"213",NA,"40-59","NH White","HSG/GED",0.00985010706638116,0.0531444705566693,-1.73024155303525,92,1.20814036359018e-77,2.04858583391379e-77
"214",NA,"40-59","NH White","Some college/TS",0.0306209850107066,0.0867371450256652,-1.10082859923042,286,9.76612407175342e-83,1.69279483910393e-82
"215",NA,"40-59","NH White",">=College grad",0.0310492505353319,0.0570250804999779,-0.635090607764815,290,2.59811199992242e-27,3.82363652818772e-27
"216",NA,"40-59","Other","<HSG",0.000107066381156317,0.00120507668129614,-2.421948184346,1,0.000273504717498117,0.000284444906198041
"217",NA,"40-59","Other","HSG/GED",0.000535331905781585,0.00308176336479212,-1.75292134053005,5,8.99886060491481e-06,9.74876565532438e-06
"218",NA,"40-59","Other","Some college/TS",0.000642398286937901,0.00739206744119534,-2.44973116029903,6,2.63184161279367e-14,3.25847056822073e-14
"219",NA,"40-59","Other",">=College grad",0.00107066381156317,0.00432666419658342,-1.39978282486981,10,1.63264989742206e-06,1.81923845712744e-06
"220",NA,"59+","Hispanic","<HSG",0.00674518201284797,0.0251303329832435,-1.33393058594901,63,7.25753177366686e-30,1.10997544773728e-29
"221",NA,"59+","Hispanic","HSG/GED",0.0133832976445396,0.00796201758442231,0.52480482935658,125,3.74196408535993e-09,4.422321191789e-09
"222",NA,"59+","Hispanic","Some college/TS",0.0253747323340471,0.00716245797403349,1.28341466557019,237,9.58926063778415e-97,1.7808626898742e-96
"223",NA,"59+","Hispanic",">=College grad",0.0277301927194861,0.00468817135581954,1.80090194407645,259,4.15082185506913e-233,8.75038120798357e-233
"224",NA,"59+","NH Asian","<HSG",0,0.007499484372322,-Inf,0,-Inf,-Inf
"225",NA,"59+","NH Asian","HSG/GED",0.000535331905781585,0.00321074290790771,-1.79405111881232,5,4.86664728869183e-06,5.34645758476004e-06
"226",NA,"59+","NH Asian","Some college/TS",0.00107066381156317,0.00373478172113746,-1.25208107071185,10,2.43310817879109e-05,2.59975942391377e-05
"227",NA,"59+","NH Asian",">=College grad",0.00578158458244111,0.00618716241572029,-0.0682067925878469,54,0.617172682959568,0.617172682959568
"228",NA,"59+","NH Black","<HSG",0.0056745182012848,0.01606258782506,-1.05100947905633,53,1.39647901633723e-15,1.8154227212384e-15
"229",NA,"59+","NH Black","HSG/GED",0.0381156316916488,0.0117182430789033,1.20655120562759,356,3.10878052349733e-124,5.91426538616565e-124
"230",NA,"59+","NH Black","Some college/TS",0.102676659528908,0.0175324105996677,1.85818470980083,959,0,0
"231",NA,"59+","NH Black",">=College grad",0.0501070663811563,0.0075215091345985,1.94025130692181,468,0,0
"232",NA,"59+","NH White","<HSG",0.00438972162740899,0.0385646193056813,-2.20799798160899,41,6.02606279144647e-66,1.00006999517622e-65
"233",NA,"59+","NH White","HSG/GED",0.0707708779443255,0.0955301748486194,-0.327000974900116,661,3.94055087838916e-16,5.20954183922634e-16
"234",NA,"59+","NH White","Some college/TS",0.187473233404711,0.121105769827502,0.515487489030089,1751,4.77096226110529e-86,8.45761491741392e-86
"235",NA,"59+","NH White",">=College grad",0.244218415417559,0.104494464363855,1.0185648505784,2281,0,0
"236",NA,"59+","Other","<HSG",0,0.00111038868951872,-Inf,0,-Inf,-Inf
"237",NA,"59+","Other","HSG/GED",0.000428265524625268,0.0042965584064213,-2.30970368063436,4,1.05502692781923e-12,1.28581406827969e-12
"238",NA,"59+","Other","Some college/TS",0.00214132762312634,0.0119317433074696,-1.72763620651308,20,2.92734928472229e-18,3.93678007255756e-18
"239",NA,"59+","Other",">=College grad",0.00224839400428266,0.00477154326769831,-0.75498564128149,21,0.000402328361627889,0.000412915950091781
"240","Male","18-39","Hispanic","<HSG",0,0.00630347929065527,-Inf,0,-Inf,-Inf
"241","Male","18-39","Hispanic","HSG/GED",0,0.00427708224230099,-Inf,0,-Inf,-Inf
"242","Male","18-39","Hispanic","Some college/TS",0,0.004183741084807,-Inf,0,-Inf,-Inf
"243","Male","18-39","Hispanic",">=College grad",0,0.00179888705491509,-Inf,0,-Inf,-Inf
"244","Male","18-39","NH Asian","<HSG",0,0.000545786306953869,-Inf,0,-Inf,-Inf
"245","Male","18-39","NH Asian","HSG/GED",0,0.00028694252277579,-Inf,0,-Inf,-Inf
"246","Male","18-39","NH Asian","Some college/TS",0,0.000676918155174676,-Inf,0,-Inf,-Inf
"247","Male","18-39","NH Asian",">=College grad",0,0.00363652871405212,-Inf,0,-Inf,-Inf
"248","Male","18-39","NH Black","<HSG",0,0.00221507321180479,-Inf,0,-Inf,-Inf
"249","Male","18-39","NH Black","HSG/GED",0,0.002203149733913,-Inf,0,-Inf,-Inf
"250","Male","18-39","NH Black","Some college/TS",0,0.00469600168814264,-Inf,0,-Inf,-Inf
"251","Male","18-39","NH Black",">=College grad",0,0.00254965682896994,-Inf,0,-Inf,-Inf
"252","Male","18-39","NH White","<HSG",0,0.00323205476634295,-Inf,0,-Inf,-Inf
"253","Male","18-39","NH White","HSG/GED",0,0.0109568707205955,-Inf,0,-Inf,-Inf
"254","Male","18-39","NH White","Some college/TS",0,0.019385673633653,-Inf,0,-Inf,-Inf
"255","Male","18-39","NH White",">=College grad",0,0.0107253598259368,-Inf,0,-Inf,-Inf
"256","Male","18-39","Other","<HSG",0,0.00034108013003642,-Inf,0,-Inf,-Inf
"257","Male","18-39","Other","HSG/GED",0,0,-9999999,0,-9999999,-25079362.5714286
"258","Male","18-39","Other","Some college/TS",0,0.00140514819859687,-Inf,0,-Inf,-Inf
"259","Male","18-39","Other",">=College grad",0,0.000797763858015965,-Inf,0,-Inf,-Inf
"260","Male","40-59","Hispanic","<HSG",0.000214132762312634,0.00884850141227192,-3.7300809106021,2,5.07805061327958e-33,8.4455999673492e-33
"261","Male","40-59","Hispanic","HSG/GED",0.00256959314775161,0.00452611523569989,-0.568079918495155,24,0.00484807844030452,0.00528273374874562
"262","Male","40-59","Hispanic","Some college/TS",0.00706638115631692,0.00660433913978537,0.0680868333385112,66,0.581435778784923,0.581435778784923
"263","Male","40-59","Hispanic",">=College grad",0.00899357601713062,0.00291891492337079,1.13140968005456,84,1.4003018701588e-27,2.25762954576623e-27
"264","Male","40-59","NH Asian","<HSG",0,0.00146353758867162,-Inf,0,-Inf,-Inf
"265","Male","40-59","NH Asian","HSG/GED",0,0.00133285468646225,-Inf,0,-Inf,-Inf
"266","Male","40-59","NH Asian","Some college/TS",0.000321199143468951,0.000738054038495826,-0.832372805199886,3,0.17846456685789,0.1831000101529
"267","Male","40-59","NH Asian",">=College grad",0.000642398286937901,0.0033349558330215,-1.6497041433006,6,6.37497933498926e-06,7.68890637349849e-06
"268","Male","40-59","NH Black","<HSG",0.000856531049250535,0.00361208756501811,-1.44191231745219,8,9.03595549350779e-06,1.08157649088957e-05
"269","Male","40-59","NH Black","HSG/GED",0.015524625267666,0.00998222213407622,0.447235781526213,145,7.1202546658284e-08,9.14634339187714e-08
"270","Male","40-59","NH Black","Some college/TS",0.0339400428265525,0.00853487301040497,1.40639291980337,317,6.05192111282972e-157,1.24182277380142e-156
"271","Male","40-59","NH Black",">=College grad",0.0127408993576017,0.00369453517958771,1.24708387537104,119,4.46129082638937e-47,7.92004438842159e-47
"272","Male","40-59","NH White","<HSG",0.000214132762312634,0.0129073958930181,-4.11173680824182,2,2.91511837400547e-49,5.29412302405591e-49
"273","Male","40-59","NH White","HSG/GED",0.00813704496788009,0.0325386297906286,-1.41091035529356,76,2.59217680980406e-40,4.40391328977465e-40
"274","Male","40-59","NH White","Some college/TS",0.023661670235546,0.0437802379168261,-0.636147489578467,221,2.0427849586382e-21,3.19564379668154e-21
"275","Male","40-59","NH White",">=College grad",0.0255888650963597,0.0382802663522742,-0.41588747815302,239,1.63186782959198e-10,2.16668165609692e-10
"276","Male","40-59","Other","<HSG",0.000107066381156317,0.00120507672903271,-2.42194822400667,1,0.000273504723655556,0.000310890261421423
"277","Male","40-59","Other","HSG/GED",0.000321199143468951,0.00223375728845694,-1.94129401904503,3,2.83212098214083e-06,3.46879934246706e-06
"278","Male","40-59","Other","Some college/TS",0.000428265524625268,0.00228967747546883,-1.67828680390008,4,1.09005525601089e-05,1.29495286052421e-05
"279","Male","40-59","Other",">=College grad",0.000749464668094218,0.000936329724014269,-0.222795530592035,7,0.554882238205668,0.558416519977679
"280","Male","59+","Hispanic","<HSG",0.00256959314775161,0.00983726538956227,-1.34974325751781,24,1.10546591486415e-12,1.54569570396934e-12
"281","Male","59+","Hispanic","HSG/GED",0.00599571734475375,0.00324532508226903,0.616593075177857,56,2.96069585239035e-06,3.59838418982827e-06
"282","Male","59+","Hispanic","Some college/TS",0.0147751605995717,0.00329073465089569,1.51342583440344,138,1.14017126375839e-83,2.19691536187593e-83
"283","Male","59+","Hispanic",">=College grad",0.0147751605995717,0.0020259613066373,1.99976050983961,138,2.60107189766293e-165,5.4074915767203e-165
"284","Male","59+","NH Asian","<HSG",0,0.00357663403440963,-Inf,0,-Inf,-Inf
"285","Male","59+","NH Asian","HSG/GED",0.000107066381156317,0.00156682157988934,-2.68481632639601,1,1.72434197243227e-05,2.01811875292073e-05
"286","Male","59+","NH Asian","Some college/TS",0.000642398286937901,0.00143295644271659,-0.803077914919106,6,0.0434071367855631,0.0454193881597283
"287","Male","59+","NH Asian",">=College grad",0.00374732334047109,0.00274815698749409,0.311113730654212,35,0.0651045015176885,0.0676744160512815
"288","Male","59+","NH Black","<HSG",0.00246252676659529,0.0054416217873605,-0.79588009299625,23,9.09232870315784e-05,0.000104860433218901
"289","Male","59+","NH Black","HSG/GED",0.0210920770877944,0.00609971061864404,1.25585544921747,197,2.72822747980287e-77,5.13166597391491e-77
"290","Male","59+","NH Black","Some college/TS",0.0510706638115632,0.00647982264308593,2.11043713520791,477,0,0
"291","Male","59+","NH Black",">=College grad",0.0267665952890792,0.00325697126997729,2.13022601767995,250,0,0
"292","Male","59+","NH White","<HSG",0.00353319057815846,0.013589410905852,-1.35723271543941,33,4.69098121958357e-17,6.79977094214866e-17
"293","Male","59+","NH White","HSG/GED",0.0446466809421842,0.0345827337978454,0.265904603662578,417,1.02082629438496e-07,1.30073027832923e-07
"294","Male","59+","NH White","Some college/TS",0.124732334047109,0.0431155733469045,1.15143872569659,1165,0,0
"295","Male","59+","NH White",">=College grad",0.182012847965739,0.0575752528916183,1.29259388201837,1700,0,0
"296","Male","59+","Other","<HSG",0,0.000871892767079666,-Inf,0,-Inf,-Inf
"297","Male","59+","Other","HSG/GED",0.000321199143468951,0.00234889873609418,-1.99167096993929,3,1.02165035424145e-06,1.27102957456811e-06
"298","Male","59+","Other","Some college/TS",0.00149892933618844,0.00375520891260298,-0.920655065696618,14,0.000363779523144891,0.000410551176120663
"299","Male","59+","Other",">=College grad",0.00171306209850107,0.00366701742994597,-0.763055398621657,16,0.00178330639728536,0.00197036650888871
"300","Female","18-39","Hispanic","<HSG",0,0.0032866149110261,-Inf,0,-Inf,-Inf
"301","Female","18-39","Hispanic","HSG/GED",0,0.0032959899600883,-Inf,0,-Inf,-Inf
"302","Female","18-39","Hispanic","Some college/TS",0,0.00266635638335273,-Inf,0,-Inf,-Inf
"303","Female","18-39","Hispanic",">=College grad",0,0.000929450286603833,-Inf,0,-Inf,-Inf
"304","Female","18-39","NH Asian","<HSG",0,0.000240885943720894,-Inf,0,-Inf,-Inf
"305","Female","18-39","NH Asian","HSG/GED",0,0.000272100895809706,-Inf,0,-Inf,-Inf
"306","Female","18-39","NH Asian","Some college/TS",0,0.000543475555424452,-Inf,0,-Inf,-Inf
"307","Female","18-39","NH Asian",">=College grad",0,0.000660769303057664,-Inf,0,-Inf,-Inf
"308","Female","18-39","NH Black","<HSG",0,0.00256132942526711,-Inf,0,-Inf,-Inf
"309","Female","18-39","NH Black","HSG/GED",0,0.00229663613864599,-Inf,0,-Inf,-Inf
"310","Female","18-39","NH Black","Some college/TS",0,0.00753905793987628,-Inf,0,-Inf,-Inf
"311","Female","18-39","NH Black",">=College grad",0,0.00184321387139654,-Inf,0,-Inf,-Inf
"312","Female","18-39","NH White","<HSG",0,0.00362302072082587,-Inf,0,-Inf,-Inf
"313","Female","18-39","NH White","HSG/GED",0,0.00582379368173718,-Inf,0,-Inf,-Inf
"314","Female","18-39","NH White","Some college/TS",0,0.00802644165246094,-Inf,0,-Inf,-Inf
"315","Female","18-39","NH White",">=College grad",0,0.00969693014810716,-Inf,0,-Inf,-Inf
"316","Female","18-39","Other","<HSG",0,0.000474588751258914,-Inf,0,-Inf,-Inf
"317","Female","18-39","Other","HSG/GED",0,0.000924445859005838,-Inf,0,-Inf,-Inf
"318","Female","18-39","Other","Some college/TS",0,0.00309752941444751,-Inf,0,-Inf,-Inf
"319","Female","18-39","Other",">=College grad",0,0.00123111559769562,-Inf,0,-Inf,-Inf
"320","Female","40-59","Hispanic","<HSG",0.000749464668094218,0.0118120996680744,-2.76865317603496,7,4.34343482526438e-23,6.86262702391771e-23
"321","Female","40-59","Hispanic","HSG/GED",0.00160599571734475,0.00329437903616494,-0.720166275673091,15,0.00440545448517129,0.0048337625601185
"322","Female","40-59","Hispanic","Some college/TS",0.00460385438972163,0.0074154657437886,-0.479502533421372,43,0.00153913385274287,0.00171255738544629
"323","Female","40-59","Hispanic",">=College grad",0.00620985010706638,0.0036922244280583,0.522437809756184,58,6.02940617266341e-05,7.00475128882955e-05
"324","Female","40-59","NH Asian","<HSG",0,0.00105703017961656,-Inf,0,-Inf,-Inf
"325","Female","40-59","NH Asian","HSG/GED",0,0.0010306612035923,-Inf,0,-Inf,-Inf
"326","Female","40-59","NH Asian","Some college/TS",0,0.00200752811157977,-Inf,0,-Inf,-Inf
"327","Female","40-59","NH Asian",">=College grad",0.000107066381156317,0.00310913598927241,-3.37165803016062,1,1.21174767161722e-11,1.63637719756856e-11
"328","Female","40-59","NH Black","<HSG",0.000214132762312634,0.00494807166926591,-3.14490320881428,2,1.90423976670859e-17,2.7858322512959e-17
"329","Female","40-59","NH Black","HSG/GED",0.00942184154175589,0.00828289545934287,0.129987080440636,88,0.224563154859082,0.228909538501516
"330","Female","40-59","NH Black","Some college/TS",0.0228051391862955,0.0125779223378066,0.605454336502531,213,7.38005817804455e-19,1.12120114627985e-18
"331","Female","40-59","NH Black",">=College grad",0.00845824411134904,0.010757023724037,-0.242738391410982,79,0.0312683700082768,0.0329360164087182
"332","Female","40-59","NH White","<HSG",0,0.00913879782583897,-Inf,0,-Inf,-Inf
"333","Female","40-59","NH White","HSG/GED",0.00171306209850107,0.0206058428712464,-2.50639877453686,16,8.30277651515809e-38,1.39557307382444e-37
"334","Female","40-59","NH White","Some college/TS",0.0069593147751606,0.0429568973404531,-1.8570394133256,65,5.48453239549521e-66,1.01947778645676e-65
"335","Female","40-59","NH White",">=College grad",0.00546038543897216,0.0187448164066316,-1.2468452548194,51,2.89656612976904e-21,4.48683773042656e-21
"336","Female","40-59","Other","<HSG",0,0,-9999999,0,-9999999,-25483868.4193548
"337","Female","40-59","Other","HSG/GED",0.000214132762312634,0.00084800619841272,-1.37692594817988,2,0.0305142857684243,0.0323574305463828
"338","Female","40-59","Other","Some college/TS",0.000214132762312634,0.00510239025854761,-3.17576947597144,2,4.38117753047026e-18,6.53043443221039e-18
"339","Female","40-59","Other",">=College grad",0.000321199143468951,0.00339033464396079,-2.35969743923821,3,1.90988308360507e-10,2.51467939341334e-10
"340","Female","59+","Hispanic","<HSG",0.00417558886509636,0.0152930685891662,-1.30937118113456,39,2.0327270305076e-18,3.05877019828762e-18
"341","Female","59+","Hispanic","HSG/GED",0.00738758029978587,0.00471669281755176,0.451379524694338,69,0.000164984428987576,0.000188895215797369
"342","Female","59+","Hispanic","Some college/TS",0.0105995717344754,0.00387172360686342,1.01389072275607,99,1.18850813732458e-25,1.89681096663923e-25
"343","Female","59+","Hispanic",">=College grad",0.0129550321199143,0.00266219703059978,1.59270649356454,121,4.88641342459353e-83,9.30184724199731e-83
"344","Female","59+","NH Asian","<HSG",0,0.00392286383928303,-Inf,0,-Inf,-Inf
"345","Female","59+","NH Asian","HSG/GED",0.000428265524625268,0.00164392145520515,-1.34631332689461,4,0.00124754703182353,0.00139796050374551
"346","Female","59+","NH Asian","Some college/TS",0.000428265524625268,0.00230182542636634,-1.68359048435144,4,1.11829085150732e-05,1.31858175028475e-05
"347","Female","59+","NH Asian",">=College grad",0.00203426124197002,0.00343900567331754,-0.526458253706951,19,0.0203945672645966,0.0217725785662585
"348","Female","59+","NH Black","<HSG",0.00321199143468951,0.0106209666739849,-1.20339951692876,30,2.84797357197875e-12,3.91286803802297e-12
"349","Female","59+","NH Black","HSG/GED",0.0170235546038544,0.00561853292445267,1.12006311044982,159,3.25243968499154e-49,5.83960761623481e-49
"350","Female","59+","NH Black","Some college/TS",0.0516059957173448,0.0110525886510911,1.58284431862156,482,1.49286570568056e-307,3.32215185207786e-307
"351","Female","59+","NH Black",">=College grad",0.0233404710920771,0.00426453816256987,1.71919843762547,218,4.43548372993418e-176,9.34408572439468e-176
"352","Female","59+","NH White","<HSG",0.000856531049250535,0.0249752099274851,-3.39718392507566,8,1.8919365361849e-50,3.47588340368853e-50
"353","Female","59+","NH White","HSG/GED",0.0261241970021413,0.0609474316307051,-0.883562065226648,244,6.00770704253273e-45,1.05468634746686e-44
"354","Female","59+","NH White","Some college/TS",0.0627408993576017,0.077990201277946,-0.233973571148958,586,3.88812243742092e-08,5.03543725502054e-08
"355","Female","59+","NH White",">=College grad",0.0622055674518201,0.0469192156115641,0.298186097184268,581,2.82559363960616e-12,3.91286803802297e-12
"356","Female","59+","Other","<HSG",0,0.000238495966424754,-Inf,0,-Inf,-Inf
"357","Female","59+","Other","HSG/GED",0.000107066381156317,0.00194765984052619,-2.90277730924331,1,4.43934593565923e-07,5.56679887169967e-07
"358","Female","59+","Other","Some college/TS",0.000642398286937901,0.00817653486751742,-2.55138277490765,6,6.19266137187683e-16,8.89491360687763e-16
"359","Female","59+","Other",">=College grad",0.000535331905781585,0.00110452602676693,-0.72485430892297,5,0.0977021198263193,0.100894999559206
